"build","seed","seconds","iterations","regions","evaluations","filled"
"1.0.5",1,0.00799999999999912,81,48,816,TRUE
"1.0.5",2,0.145,500,49,3246,FALSE
"1.0.5",3,0.120000000000001,500,45,2103,FALSE
"1.0.5",4,0.138000000000002,500,49,3071,FALSE
"1.0.5",5,0.123999999999999,500,45,1566,FALSE
"1.0.5",6,0.137999999999998,500,49,2325,FALSE
"1.0.5",7,0.137999999999998,500,47,3947,FALSE
"1.0.5",8,0.125,500,48,2396,FALSE
"1.0.5",9,0.119999999999997,500,45,2661,FALSE
"1.0.5",10,0.139999999999997,500,50,1278,FALSE
"1.0.5",11,0.155999999999999,500,50,3626,FALSE
"1.0.5",12,0.122,500,47,4054,FALSE
"1.0.5",13,0.117999999999999,500,46,2968,FALSE
"1.0.5",14,0.134,500,47,2256,FALSE
"1.0.5",15,0.125,500,47,3391,FALSE
"1.0.5",16,0.135999999999999,500,48,1403,FALSE
"1.0.5",17,0.129999999999999,500,49,1757,FALSE
"1.0.5",18,0.125999999999998,500,49,2233,FALSE
"1.0.5",19,0.100999999999999,500,41,3710,FALSE
"1.0.5",20,0.116,500,44,2265,FALSE
"1.0.5",21,0.120999999999999,500,43,3397,FALSE
"1.0.5",22,0.0940000000000012,500,38,1977,FALSE
"1.0.5",23,0.109999999999999,500,43,3637,FALSE
"1.0.5",24,0.132000000000001,500,49,1846,FALSE
"1.0.5",25,0.135000000000002,500,49,2781,FALSE
"1.0.5",26,0.102,500,38,3790,FALSE
"1.0.5",27,0.137999999999998,500,50,1291,FALSE
"1.0.5",28,0.131999999999998,500,49,1846,FALSE
"1.0.5",29,0.139000000000003,500,46,4070,FALSE
"1.0.5",30,0.136000000000003,500,50,1814,FALSE
"cf77c56",1,0.00199999999999978,61,50,673,TRUE
"cf77c56",2,0.00300000000000011,70,49,699,TRUE
"cf77c56",3,0.00299999999999967,53,50,659,TRUE
"cf77c56",4,0.00300000000000011,92,50,703,TRUE
"cf77c56",5,0.00199999999999978,89,49,684,TRUE
"cf77c56",6,0.00300000000000011,57,48,652,TRUE
"cf77c56",7,0.00199999999999978,49,48,619,TRUE
"cf77c56",8,0.00199999999999978,61,50,676,TRUE
"cf77c56",9,0.00199999999999978,60,50,662,TRUE
"cf77c56",10,0.00300000000000011,53,47,620,TRUE
"cf77c56",11,0.00300000000000011,54,49,667,TRUE
"cf77c56",12,0.00300000000000011,64,47,652,TRUE
"cf77c56",13,0.00299999999999923,60,49,631,TRUE
"cf77c56",14,0.00200000000000067,54,49,652,TRUE
"cf77c56",15,0.00300000000000011,72,48,673,TRUE
"cf77c56",16,0.00200000000000067,77,49,690,TRUE
"cf77c56",17,0.00300000000000011,57,49,631,TRUE
"cf77c56",18,0.00300000000000011,140,47,695,TRUE
"cf77c56",19,0.00199999999999978,55,49,610,TRUE
"cf77c56",20,0.00200000000000067,55,49,620,TRUE
"cf77c56",21,0.00199999999999978,53,47,556,TRUE
"cf77c56",22,0.00300000000000011,59,48,640,TRUE
"cf77c56",23,0.00300000000000011,51,47,578,TRUE
"cf77c56",24,0.00300000000000011,73,48,674,TRUE
"cf77c56",25,0.00199999999999978,70,44,592,TRUE
"cf77c56",26,0.00200000000000067,52,47,628,TRUE
"cf77c56",27,0.00300000000000011,82,46,611,TRUE
"cf77c56",28,0.00199999999999978,66,47,613,TRUE
"cf77c56",29,0.00300000000000011,60,47,676,TRUE
"cf77c56",30,0.00300000000000011,61,49,662,TRUE
