"build","rep","evaluations","patterns","total_us","callbacks_us","framework_us"
"1.0.5",1,121213,1024,57.9063301791062,1.40248983194872,56.5038403471575
"1.0.5",2,115084,1024,57.332035730423,1.37291022209864,55.9591255083244
"1.0.5",3,118735,1024,59.2495894218217,1.38964921884869,57.859940202973
"fe188ef",1,138411,1024,2.16745778875956,1.46664643706064,0.700811351698926
"fe188ef",2,134454,1024,2.17918395882607,1.48006009490235,0.699123863923721
"fe188ef",3,134468,1024,2.17152036172175,1.43528571853527,0.736234643186481
"ee4e8b7",1,138411,1024,1.50999559283583,1.48832101494823,0.0216745778875953
"ee4e8b7",2,134454,1024,1.49493507073051,1.50237255864459,-0.00743748791408297
"ee4e8b7",3,134468,1024,1.48734271350805,1.45015914567035,0.0371835678377004
"cf77c56",1,138411,1024,1.53889503001929,1.48109615565237,0.0577988743669216
"cf77c56",2,134454,1024,1.73293468398114,1.42799767950377,0.304937004477367
"cf77c56",3,134468,1024,1.51708956777821,1.37579200999494,0.141297557783264
