"build","seed","evaluations","save_us","total_us","mb"
"1.0.5",1,20087,65.763926917907,89.7595459750086,52.747218
"1.0.5",2,19509,64.124250345994,88.0619201394228,51.286978
"1.0.5",3,19584,64.3892973856211,88.3374183006536,51.491147
"fe188ef",1,22902,111.649637586237,121.386778447297,122.701848
"fe188ef",2,24363,108.607314370151,118.170997003653,130.571293
"fe188ef",3,24202,110.652012230394,120.155359061235,129.701075
"ee4e8b7",1,22902,110.994672954327,120.251506418653,122.701848
"ee4e8b7",2,24363,111.439477896811,120.6337478964,130.571293
"ee4e8b7",3,24202,112.883232790678,122.097347326667,129.701075
"cf77c56",1,22902,15.5444939306611,24.4956772334294,132.679993
"cf77c56",2,24363,13.4219923654722,22.2468497311497,141.167223
"cf77c56",3,24202,12.6435831749442,21.4858276175523,140.229763
"cf77c56-fallback",1,22902,94.9698716269322,103.9210549297,136.650575
"cf77c56-fallback",2,24363,94.2412674957928,102.942987316833,145.41325
"cf77c56-fallback",3,24202,94.3310470209073,103.049334765722,144.445034
