"learners_5","learners_20"
"I < II < (III, IV, V, VI)","I < II < (III, IV, V, VI)"
"I < II < (III, IV, V, VI)","I < II < (III, IV, V, VI)"
"(I, II, III, IV, V, VI)","(I, II, III, IV, V, VI)"
"(I, II, III, IV, V, VI)","(I, II, III, IV, V, VI)"
"(I, II, III, IV, V) < VI","(I, II, III, IV, V) < VI"
"(I, II) < (III, IV, V, VI)","(I, II) < (III, IV, V, VI)"
"(I, II) < (III, IV, V, VI)","(I, II) < (III, IV, V, VI)"
"(I, II) < (III, IV, V, VI)","(I, II) < (III, IV, V, VI)"
"I < II < (III, IV, V, VI)","I < II < (III, IV, V, VI)"
"I < (II, III, IV) < V < VI","I < (II, III, IV) < V < VI"
"(I, II, III, IV, V, VI)","(I, II, III, IV, V, VI)"
"I < II < (III, IV, V) < VI","I < II < (III, IV, V) < VI"
"(I, II) < (III, IV, V, VI)","(I, II) < (III, IV, V, VI)"
"I < II < (III, IV, V) < VI","I < II < (III, IV, V) < VI"
"I < (II, III, IV, V, VI)","I < (II, III, IV, V, VI)"
"(I, II) < (III, IV, V, VI)","(I, II) < (III, IV, V, VI)"
"(I, II, III, IV, V, VI)","(I, II, III, IV, V, VI)"
"I < II < (III, IV, V, VI)","I < II < (III, IV, V, VI)"
"(I, II, III, IV, V, VI)","(I, II, III, IV, V, VI)"
"I < II < (III, IV, V, VI)","I < II < (III, IV, V, VI)"
"(I, II) < (III, IV, V, VI)","(I, II) < (III, IV, V, VI)"
"I < II < (III, IV, V, VI)","I < II < (III, IV, V, VI)"
"I < II < (III, IV, V, VI)","I < II < (III, IV, V, VI)"
"I < II < (III, IV, V) < VI","I < II < (III, IV, V) < VI"
"(I, II, III, IV, V, VI)","(I, II, III, IV, V, VI)"
"(I, II, III, IV, V, VI)","(I, II, III, IV, V, VI)"
"I < IV < III < V < (II, VI)","I < IV < III < V < (II, VI)"
"(I, II, III, IV, V, VI)","(I, II, III, IV, V, VI)"
"(I, II, III, IV, V, VI)","(I, II, III, IV, V, VI)"
"(I, II, III, IV, V, VI)","(I, II, III, IV, V, VI)"
"(I, II, III, IV, V, VI)","(I, II, III, IV, V, VI)"
"(I, II) < (III, IV, V, VI)","(I, II) < (III, IV, V, VI)"
"(I, II) < (III, IV, V, VI)","(I, II) < (III, IV, V, VI)"
"(I, II, III, IV, V, VI)","(I, II, III, IV, V, VI)"
"I < (II, III, IV, V, VI)","I < (II, III, IV, V, VI)"
"(I, II, III, IV, V, VI)","(I, II, III, IV, V, VI)"
"(I, II) < (III, IV, V, VI)","(I, II) < (III, IV, V, VI)"
"I < (II, III, IV, V) < VI","I < (II, III, IV, V) < VI"
"(I, II, III, IV, V, VI)","(I, II, III, IV, V, VI)"
"I < II < (III, IV, V, VI)","I < II < (III, IV, V, VI)"
"(I, II) < (III, IV, V, VI)","(I, II) < (III, IV, V, VI)"
"(I, II, III, IV, V, VI)","(I, II, III, IV, V, VI)"
"I < II < (III, IV, V, VI)","I < II < (III, IV, V, VI)"
"(I, II) < (III, IV, V, VI)","(I, II) < (III, IV, V, VI)"
"(I, II) < (III, IV, V, VI)","(I, II) < (III, IV, V, VI)"
"(I, II, III, IV, V, VI)","(I, II, III, IV, V, VI)"
"I < (III, IV) < V < (II, VI)","I < (III, IV, V) < (II, VI)"
"(I, II, III, IV, V, VI)","(I, II, III, IV, V, VI)"
"(I, II, III, IV, V, VI)","(I, II, III, IV, V, VI)"
"(I, II, III, IV, V, VI)","(I, II, III, IV, V, VI)"
"(I, II, III, IV, V, VI)","(I, II, III, IV, V, VI)"
"(I, II) < (III, IV, V, VI)","(I, II) < (III, IV, V, VI)"
"(I, II) < (III, IV, V, VI)","(I, II) < (III, IV, V, VI)"
"(I, II, III, IV, V, VI)","(I, II, III, IV, V, VI)"
"(I, II, III, IV, V, VI)","(I, II, III, IV, V, VI)"
"I < (II, III, IV, V) < VI","I < (II, III, IV, V) < VI"
"I < II < (III, IV, V, VI)","I < II < (III, IV, V, VI)"
"(I, II) < (III, IV, V, VI)","(I, II) < (III, IV, V, VI)"
"(I, II, III, IV, V, VI)","(I, II, III, IV, V, VI)"
"(I, II, III, IV, V, VI)","(I, II, III, IV, V, VI)"
"I < II < (III, IV, V, VI)","I < II < (III, IV, V, VI)"
"(I, II, III, IV, V, VI)","(I, II, III, IV, V, VI)"
"(I, II, III, IV, V, VI)","(I, II, III, IV, V, VI)"
"(I, II, III, IV, V, VI)","(I, II, III, IV, V, VI)"
"(I, II, III, IV, V, VI)","(I, II, III, IV, V, VI)"
"I < II < (III, IV, V, VI)","I < II < (III, IV, V, VI)"
"(I, II, III, IV, V, VI)","(I, II, III, IV, V, VI)"
"(I, II) < (III, IV, V, VI)","(I, II) < (III, IV, V, VI)"
"I < IV < (II, III) < V < VI","I < IV < (II, III) < V < VI"
"I < II < (III, IV, V, VI)","I < II < (III, IV, V, VI)"
"(I, II, III, IV, V, VI)","(I, II, III, IV, V, VI)"
"(I, II, III, IV, V, VI)","(I, II, III, IV, V, VI)"
"(I, II, III, IV, V, VI)","(I, II, III, IV, V, VI)"
"(I, II, III, IV, V, VI)","(I, II, III, IV, V, VI)"
"(I, II, III, IV, V, VI)","(I, II, III, IV, V, VI)"
"(I, II, III, IV, V, VI)","(I, II, III, IV, V, VI)"
"(I, II) < (III, IV, V, VI)","(I, II) < (III, IV, V, VI)"
"(I, II, III, IV, V, VI)","(I, II, III, IV, V, VI)"
"(I, II, III, IV, V, VI)","(I, II, III, IV, V, VI)"
"(I, II, III, IV, V, VI)","(I, II, III, IV, V, VI)"
"(I, II, III, IV, V, VI)","(I, II, III, IV, V, VI)"
"(I, II) < (III, IV, V, VI)","(I, II) < (III, IV, V, VI)"
"I < II < (III, IV, V, VI)","I < II < (III, IV, V, VI)"
"(I, II) < (III, IV, V, VI)","(I, II) < (III, IV, V, VI)"
"(I, II, III, IV, V, VI)","(I, II, III, IV, V, VI)"
"(I, II) < (III, IV, V, VI)","(I, II) < (III, IV, V, VI)"
"(I, II, III, IV, V, VI)","(I, II, III, IV, V, VI)"
"I < II < (III, IV, V) < VI","I < II < (III, IV, V) < VI"
"(I, II) < (III, IV, V, VI)","(I, II) < (III, IV, V, VI)"
"I < (II, III, IV, V) < VI","I < (II, III, IV, V) < VI"
"(I, II, III, IV, V, VI)","(I, II, III, IV, V, VI)"
"I < (II, III, IV) < V < VI","I < (II, III, IV) < V < VI"
"(I, II) < (III, IV, V, VI)","(I, II) < (III, IV, V, VI)"
"(I, II, III, IV, V, VI)","(I, II, III, IV, V, VI)"
"(I, II, III, IV, V, VI)","(I, II, III, IV, V, VI)"
"(I, II, III, IV, V, VI)","(I, II, III, IV, V, VI)"
"(I, II, III, IV, V, VI)","(I, II, III, IV, V, VI)"
"(I, II, III, IV, V, VI)","(I, II, III, IV, V, VI)"
"(I, II) < (III, IV, V, VI)","(I, II) < (III, IV, V, VI)"
"(I, II, III, IV, V, VI)","(I, II, III, IV, V, VI)"
"(I, II, III, IV, V, VI)","(I, II, III, IV, V, VI)"
"I < II < (III, IV, V, VI)","I < II < (III, IV, V, VI)"
"(I, II) < (III, IV, V, VI)","(I, II) < (III, IV, V, VI)"
"I < (II, III, IV, V, VI)","I < (II, III, IV, V, VI)"
"(I, II) < (III, IV, V, VI)","(I, II) < (III, IV, V, VI)"
"(I, II, III, IV, V, VI)","(I, II, III, IV, V, VI)"
"I < II < (III, IV, V) < VI","I < II < (III, IV, V) < VI"
"I < II < (III, IV, V, VI)","I < II < (III, IV, V, VI)"
"I < II < (III, IV, V, VI)","I < II < (III, IV, V, VI)"
"(I, II, III, IV, V, VI)","(I, II, III, IV, V, VI)"
"(I, II) < (III, IV, V, VI)","(I, II) < (III, IV, V, VI)"
"I < II < (III, IV, V, VI)","I < II < (III, IV, V, VI)"
"(I, II, III, IV, V, VI)","(I, II, III, IV, V, VI)"
"I < II < (III, IV, V, VI)","I < II < (III, IV, V, VI)"
"(I, II) < (III, IV, V, VI)","(I, II) < (III, IV, V, VI)"
"I < IV < III < V < II < VI","I < IV < III < V < II < VI"
"(I, II) < (III, IV, V, VI)","(I, II) < (III, IV, V, VI)"
"(I, II) < (III, IV, V, VI)","(I, II) < (III, IV, V, VI)"
"I < II < (III, IV, V, VI)","I < II < (III, IV, V, VI)"
"I < (II, III, IV, V, VI)","I < (II, III, IV, V, VI)"
"(I, II, III, IV, V, VI)","(I, II, III, IV, V, VI)"
"(I, II) < (III, IV, V, VI)","(I, II) < (III, IV, V, VI)"
"(I, II, III, IV, V, VI)","(I, II, III, IV, V, VI)"
"I < (III, IV) < (II, V) < VI","I < (III, IV) < (II, V) < VI"
"(I, II) < (III, IV, V, VI)","(I, II) < (III, IV, V, VI)"
"(I, II, III, IV, V, VI)","(I, II, III, IV, V, VI)"
"(I, II) < (III, IV, V, VI)","(I, II) < (III, IV, V, VI)"
"I < (II, III, IV, V) < VI","I < (II, III, IV, V) < VI"
"I < II < (III, IV, V) < VI","I < II < (III, IV, V) < VI"
"(I, II, III, IV, V, VI)","(I, II, III, IV, V, VI)"
"(I, II, III, IV, V, VI)","(I, II, III, IV, V, VI)"
"I < (II, III, IV, V, VI)","I < (II, III, IV, V, VI)"
"I < (II, III, IV) < V < VI","I < (II, III, IV) < V < VI"
"(I, II, III, IV, V, VI)","(I, II, III, IV, V, VI)"
"(I, II, III, IV, V, VI)","(I, II, III, IV, V, VI)"
"I < II < (III, IV, V, VI)","I < II < (III, IV, V, VI)"
"(I, II) < (III, IV, V, VI)","(I, II) < (III, IV, V, VI)"
"(I, II, III, IV, V, VI)","(I, II, III, IV, V, VI)"
"(I, II, III, IV, V, VI)","(I, II, III, IV, V, VI)"
"(I, II, III, IV, V, VI)","(I, II, III, IV, V, VI)"
"(I, II, III, IV, V, VI)","(I, II, III, IV, V, VI)"
"(I, II, III, IV, V, VI)","(I, II, III, IV, V, VI)"
"(I, II, III, IV, V, VI)","(I, II, III, IV, V, VI)"
"I < II < (III, IV, V) < VI","I < II < (III, IV, V) < VI"
"(I, II, III, IV, V, VI)","(I, II, III, IV, V, VI)"
"(I, II, III, IV, V, VI)","(I, II, III, IV, V, VI)"
"I < II < (III, IV) < V < VI","I < II < (III, IV) < V < VI"
"I < II < (III, IV, V, VI)","I < II < (III, IV, V, VI)"
"I < (II, III, IV) < V < VI","I < (II, III, IV) < V < VI"
"(I, II, III, IV, V, VI)","(I, II, III, IV, V, VI)"
"(I, II, III, IV, V, VI)","(I, II, III, IV, V, VI)"
"(I, II, III, IV, V, VI)","(I, II, III, IV, V, VI)"
"(I, II, III, IV, V, VI)","(I, II, III, IV, V, VI)"
"(I, II, III, IV, V, VI)","(I, II, III, IV, V, VI)"
"(I, II) < (III, IV, V, VI)","(I, II) < (III, IV, V, VI)"
"(I, II, III, IV, V, VI)","(I, II, III, IV, V, VI)"
"(I, II, III, IV, V, VI)","(I, II, III, IV, V, VI)"
"I < IV < (III, V) < II < VI","I < IV < (III, V) < II < VI"
"(I, II, III, IV, V, VI)","(I, II, III, IV, V, VI)"
"(I, II, III, IV, V, VI)","(I, II, III, IV, V, VI)"
"I < II < (III, IV, V, VI)","I < II < (III, IV, V, VI)"
"(I, II, III, IV, V, VI)","(I, II, III, IV, V, VI)"
"(I, II, III, IV, V, VI)","(I, II, III, IV, V, VI)"
"(I, II, III, IV, V, VI)","(I, II, III, IV, V, VI)"
"(I, II, III, IV, V, VI)","(I, II, III, IV, V, VI)"
"(I, II, III, IV, V, VI)","(I, II, III, IV, V, VI)"
"I < (II, IV) < III < V < VI","I < (II, IV) < III < V < VI"
"I < II < (III, IV, V, VI)","I < II < (III, IV, V, VI)"
"(I, II, III, IV, V, VI)","(I, II, III, IV, V, VI)"
"I < II < (III, IV, V, VI)","I < II < (III, IV, V, VI)"
"I < II < (III, IV, V, VI)","I < II < (III, IV, V, VI)"
"I < (II, III, IV, V, VI)","I < (II, III, IV, V, VI)"
"(I, II, III, IV, V, VI)","(I, II, III, IV, V, VI)"
"(I, II) < (III, IV, V, VI)","(I, II) < (III, IV, V, VI)"
"(I, II, III, IV, V, VI)","(I, II, III, IV, V, VI)"
"(I, II) < (III, IV, V, VI)","(I, II) < (III, IV, V, VI)"
"(I, II, III, IV, V, VI)","(I, II, III, IV, V, VI)"
"(I, II, III, IV, V, VI)","(I, II, III, IV, V, VI)"
"I < II < (III, IV, V, VI)","I < II < (III, IV, V, VI)"
"(I, II, III, IV, V, VI)","(I, II, III, IV, V, VI)"
"(I, II) < (III, IV, V, VI)","(I, II) < (III, IV, V, VI)"
"(I, II, III, IV, V, VI)","(I, II, III, IV, V, VI)"
"(I, II, III, IV, V, VI)","(I, II, III, IV, V, VI)"
"(I, II) < (III, IV, V, VI)","(I, II) < (III, IV, V, VI)"
"(I, II, III, IV, V, VI)","(I, II, III, IV, V, VI)"
"I < (II, III, IV, V) < VI","I < (II, III, IV, V) < VI"
"(I, II, III, IV, V, VI)","(I, II, III, IV, V, VI)"
"(I, II) < (III, IV, V, VI)","(I, II) < (III, IV, V, VI)"
"(I, II, III, IV, V, VI)","(I, II, III, IV, V, VI)"
"(I, II, III, IV, V, VI)","(I, II, III, IV, V, VI)"
"(I, II) < (III, IV, V, VI)","(I, II) < (III, IV, V, VI)"
"(I, II, III, IV, V, VI)","(I, II, III, IV, V, VI)"
"I < (II, III, IV, V) < VI","I < (II, III, IV, V) < VI"
"I < II < (III, IV, V, VI)","I < II < (III, IV, V, VI)"
"I < (II, III, IV, V, VI)","I < (II, III, IV, V, VI)"
"(I, II) < (III, IV, V, VI)","(I, II) < (III, IV, V, VI)"
"I < II < IV < III < V < VI","I < II < IV < III < V < VI"
"(I, II, III, IV, V, VI)","(I, II, III, IV, V, VI)"
"(I, II) < (III, IV, V, VI)","(I, II) < (III, IV, V, VI)"
"(I, II, III, IV, V, VI)","(I, II, III, IV, V, VI)"
"(I, II) < (III, IV, V, VI)","(I, II) < (III, IV, V, VI)"
"I < II < (III, IV, V, VI)","I < II < (III, IV, V, VI)"
"(I, II, III, IV, V, VI)","(I, II, III, IV, V, VI)"
"(I, II, III, IV, V, VI)","(I, II, III, IV, V, VI)"
"I < II < (III, IV) < V < VI","I < II < (III, IV) < (V, VI)"
"(I, II) < (III, IV, V, VI)","(I, II) < (III, IV, V, VI)"
"(I, II, III, IV, V, VI)","(I, II, III, IV, V, VI)"
"I < (II, III, IV, V) < VI","I < (II, III, IV, V) < VI"
"(I, II, III, IV, V, VI)","(I, II, III, IV, V, VI)"
"(I, II, III, IV, V, VI)","(I, II, III, IV, V, VI)"
"I < II < (III, IV, V, VI)","I < II < (III, IV, V, VI)"
"I < (II, III, IV, V) < VI","I < (II, III, IV) < V < VI"
"(I, II, III, IV, V, VI)","(I, II, III, IV, V, VI)"
"(I, II, III, IV, V, VI)","(I, II, III, IV, V, VI)"
"(I, II, III, IV, V, VI)","(I, II, III, IV, V, VI)"
"(I, II, III, IV, V, VI)","(I, II, III, IV, V, VI)"
"I < II < (III, IV, V, VI)","I < II < (III, IV, V, VI)"
"(I, II, III, IV, V, VI)","(I, II, III, IV, V, VI)"
"(I, II, III, IV, V, VI)","(I, II, III, IV, V, VI)"
"I < II < (III, IV, V, VI)","I < II < (III, IV, V, VI)"
"I < II < (III, IV, V) < VI","I < II < (III, IV, V) < VI"
"I < (II, III, IV) < V < VI","I < (II, III, IV) < V < VI"
"(I, II, III, IV, V, VI)","(I, II, III, IV, V, VI)"
"(I, II) < (III, IV, V, VI)","(I, II) < (III, IV, V, VI)"
"(I, II, III, IV, V, VI)","(I, II, III, IV, V, VI)"
"(I, II, III, IV, V, VI)","(I, II, III, IV, V, VI)"
"(I, II, III, IV, V, VI)","(I, II, III, IV, V, VI)"
"I < (II, III, IV) < V < VI","I < (II, III, IV) < V < VI"
"(I, II, III, IV, V, VI)","(I, II, III, IV, V, VI)"
"(I, II, III, IV, V, VI)","(I, II, III, IV, V, VI)"
"(I, II, III, IV, V, VI)","(I, II, III, IV, V, VI)"
"I < (II, III, IV, V) < VI","I < (II, III, IV, V) < VI"
"I < II < (III, IV, V, VI)","I < II < (III, IV, V, VI)"
"I < (II, III, IV, V, VI)","I < (II, III, IV, V, VI)"
"I < II < (III, IV, V, VI)","I < II < (III, IV, V, VI)"
"(I, II, III, IV, V, VI)","(I, II, III, IV, V, VI)"
"(I, II) < (III, IV, V, VI)","(I, II) < (III, IV, V, VI)"
"(I, II) < (III, IV, V, VI)","(I, II) < (III, IV, V, VI)"
"(I, II) < (III, IV, V, VI)","(I, II) < (III, IV, V, VI)"
"(I, II, III, IV, V, VI)","(I, II, III, IV, V, VI)"
"I < II < (III, IV, V, VI)","I < II < (III, IV, V, VI)"
"I < II < (III, IV, V, VI)","I < II < (III, IV, V, VI)"
"(I, II) < (III, IV, V, VI)","(I, II) < (III, IV, V, VI)"
"I < II < IV < (III, V) < VI","I < II < IV < (III, V) < VI"
"(I, II) < (III, IV, V, VI)","(I, II) < (III, IV, V, VI)"
"I < (II, III, IV, V) < VI","I < (II, III, IV, V) < VI"
"(I, II, III, IV, V, VI)","(I, II, III, IV, V, VI)"
"I < (II, III, IV) < V < VI","I < (II, III, IV) < V < VI"
"I < II < (III, IV, V, VI)","I < II < (III, IV, V, VI)"
"(I, II, III, IV, V, VI)","(I, II, III, IV, V, VI)"
"(I, II, III, IV, V, VI)","(I, II, III, IV, V, VI)"
"(I, II, III, IV, V, VI)","(I, II, III, IV, V, VI)"
"(I, II) < (III, IV, V, VI)","(I, II) < (III, IV, V, VI)"
"I < II < (III, IV, V, VI)","I < II < (III, IV, V, VI)"
"(I, II, III, IV, V, VI)","(I, II, III, IV, V, VI)"
"I < (II, III, IV, V) < VI","I < (II, III, IV, V) < VI"
"(I, II) < (III, IV, V, VI)","(I, II) < (III, IV, V, VI)"
"(I, II, III, IV, V, VI)","(I, II, III, IV, V, VI)"
"I < II < (III, IV, V, VI)","I < II < (III, IV, V, VI)"
"(I, II) < (III, IV, V, VI)","(I, II) < (III, IV, V, VI)"
"(I, II) < (III, IV, V, VI)","(I, II) < (III, IV, V, VI)"
"(I, II, III, IV, V, VI)","(I, II, III, IV, V, VI)"
"(I, II, III, IV, V, VI)","(I, II, III, IV, V, VI)"
"(I, II, III, IV, V, VI)","(I, II, III, IV, V, VI)"
"I < II < (III, IV, V, VI)","I < II < (III, IV, V, VI)"
"(I, II, III, IV, V, VI)","(I, II, III, IV, V, VI)"
"I < (II, III, IV) < V < VI","I < (II, III, IV, V) < VI"
"(I, II) < (III, IV, V, VI)","(I, II) < (III, IV, V, VI)"
"(I, II, III, IV, V, VI)","(I, II, III, IV, V, VI)"
"(I, II, III, IV, V, VI)","(I, II, III, IV, V, VI)"
"I < II < IV < (III, V) < VI","I < II < IV < (III, V) < VI"
"I < II < (III, IV, V) < VI","I < II < (III, IV, V) < VI"
"(I, II) < (III, IV, V, VI)","(I, II) < (III, IV, V, VI)"
"I < II < IV < (III, V) < VI","I < II < IV < (III, V) < VI"
"(I, II, III, IV, V, VI)","(I, II, III, IV, V, VI)"
"I < II < (III, IV, V, VI)","I < II < (III, IV, V, VI)"
"I < II < (III, IV, V, VI)","(I, II) < (III, IV, V, VI)"
"I < II < (III, IV, V) < VI","I < II < (III, IV, V) < VI"
"(I, II, III, IV, V, VI)","(I, II, III, IV, V, VI)"
"(I, II, III, IV, V, VI)","(I, II, III, IV, V, VI)"
"I < IV < (II, III) < V < VI","I < IV < (II, III) < V < VI"
"(I, II) < (III, IV, V, VI)","(I, II) < (III, IV, V, VI)"
"I < (II, III, IV, V, VI)","I < (II, III, IV, V, VI)"
"(I, II, III, IV, V, VI)","(I, II, III, IV, V, VI)"
"I < IV < II < III < V < VI","I < IV < II < III < V < VI"
"I < (II, III, IV, V) < VI","I < (II, III, IV, V) < VI"
"(I, II, III, IV, V, VI)","(I, II, III, IV, V, VI)"
"I < II < (III, IV, V) < VI","I < II < (III, IV, V) < VI"
"(I, II, III, IV) < V < VI","(I, II, III, IV) < V < VI"
"(I, II) < (III, IV, V, VI)","(I, II) < (III, IV, V, VI)"
"I < II < (III, IV, V) < VI","I < II < (III, IV, V) < VI"
"(I, II, III, IV, V) < VI","(I, II, III, IV, V, VI)"
"(I, II, III, IV, V, VI)","(I, II, III, IV, V, VI)"
"(I, II, III, IV, V, VI)","(I, II, III, IV, V, VI)"
"(I, II) < (III, IV, V, VI)","(I, II) < (III, IV, V, VI)"
"I < II < (III, IV, V, VI)","I < II < (III, IV, V, VI)"
"I < II < (III, IV, V) < VI","I < II < (III, IV, V) < VI"
"I < (II, III, IV) < V < VI","I < (II, III, IV) < V < VI"
"I < IV < (II, III) < V < VI","I < IV < (II, III) < V < VI"
"I < II < (III, IV, V, VI)","I < II < (III, IV, V, VI)"
"I < II < (III, IV, V, VI)","I < II < (III, IV, V, VI)"
"I < II < (III, IV, V) < VI","I < II < (III, IV, V) < VI"
"(I, II, III, IV, V, VI)","(I, II, III, IV, V, VI)"
"(I, II, III, IV, V, VI)","(I, II, III, IV, V, VI)"
"(I, II, III, IV, V, VI)","(I, II, III, IV, V, VI)"
"(I, II, III, IV, V, VI)","(I, II, III, IV, V, VI)"
"I < (II, III, IV) < V < VI","I < (II, III, IV) < V < VI"
"(I, II, III, IV, V, VI)","(I, II, III, IV, V, VI)"
"I < (II, III, IV, V) < VI","I < (II, III, IV, V) < VI"
"(I, II) < (III, IV, V, VI)","(I, II) < (III, IV, V, VI)"
"I < II < (III, IV) < V < VI","I < II < (III, IV) < V < VI"
"(I, II) < (III, IV, V, VI)","(I, II) < (III, IV, V, VI)"
"(I, II, III, IV, V, VI)","(I, II, III, IV, V, VI)"
"(I, II) < (III, IV, V, VI)","(I, II) < (III, IV, V, VI)"
"(I, II) < (III, IV, V, VI)","(I, II) < (III, IV, V, VI)"
"I < II < (III, IV, V, VI)","I < II < (III, IV, V, VI)"
"I < II < (III, IV) < V < VI","I < II < (III, IV) < V < VI"
"(I, II, III, IV, V, VI)","(I, II, III, IV, V, VI)"
"(I, II, III, IV, V, VI)","(I, II, III, IV, V, VI)"
"(I, II, III, IV, V, VI)","(I, II, III, IV, V, VI)"
"I < II < (III, IV, V, VI)","I < II < (III, IV, V, VI)"
"I < II < (III, IV, V, VI)","I < II < (III, IV, V, VI)"
"(I, II) < (III, IV, V, VI)","(I, II) < (III, IV, V, VI)"
"(I, II, III, IV, V, VI)","(I, II, III, IV, V, VI)"
"(I, II) < (III, IV, V, VI)","(I, II) < (III, IV, V, VI)"
"I < II < (III, IV, V, VI)","I < II < (III, IV, V, VI)"
"(I, II, III, IV, V, VI)","(I, II, III, IV, V, VI)"
"I < II < (III, IV, V, VI)","I < II < (III, IV, V, VI)"
"(I, II, III, IV, V, VI)","(I, II, III, IV, V, VI)"
"(I, II, III, IV, V, VI)","(I, II, III, IV, V, VI)"
"(I, II, III, IV, V, VI)","(I, II, III, IV, V, VI)"
"(I, II, III, IV, V, VI)","(I, II, III, IV, V, VI)"
"(I, II, III, IV, V, VI)","(I, II, III, IV, V, VI)"
"(I, II, III, IV, V, VI)","(I, II, III, IV, V, VI)"
"I < (II, III, IV, V) < VI","I < (II, III, IV, V) < VI"
"I < II < (III, IV, V, VI)","I < II < (III, IV, V, VI)"
"(I, II, III, IV, V, VI)","(I, II, III, IV, V, VI)"
"I < (II, III, IV) < V < VI","I < (II, III, IV) < V < VI"
"(I, II) < (III, IV, V, VI)","(I, II) < (III, IV, V, VI)"
"(I, II, III, IV, V, VI)","(I, II, III, IV, V, VI)"
"(I, II, III, IV, V, VI)","(I, II, III, IV, V, VI)"
"I < (II, III, IV) < V < VI","I < (II, III, IV) < V < VI"
"(I, II) < (III, IV, V, VI)","(I, II) < (III, IV, V, VI)"
"(I, II) < (III, IV, V, VI)","(I, II) < (III, IV, V, VI)"
"(I, II, III, IV, V, VI)","(I, II, III, IV, V, VI)"
"I < II < (III, IV, V, VI)","I < II < (III, IV, V, VI)"
"(I, II, III, IV, V, VI)","(I, II, III, IV, V, VI)"
"I < II < (III, IV, V) < VI","I < II < (III, IV, V) < VI"
"(I, II) < (III, IV, V, VI)","(I, II) < (III, IV, V, VI)"
"(I, II, III, IV, V, VI)","(I, II, III, IV, V, VI)"
"(I, II, III, IV, V, VI)","(I, II, III, IV, V, VI)"
"I < (II, IV) < (III, V) < VI","I < (II, IV) < (III, V) < VI"
"I < II < (III, IV, V, VI)","I < II < (III, IV, V, VI)"
"(I, II) < (III, IV, V, VI)","(I, II) < (III, IV, V, VI)"
"(I, II, III, IV, V, VI)","(I, II, III, IV, V, VI)"
"(I, II, III, IV, V, VI)","(I, II, III, IV, V, VI)"
"(I, II, III, IV, V, VI)","(I, II, III, IV, V, VI)"
"I < II < (III, IV, V) < VI","I < II < (III, IV, V) < VI"
"(I, II) < (III, IV, V, VI)","(I, II) < (III, IV, V, VI)"
"(I, II, III, IV, V, VI)","(I, II, III, IV, V, VI)"
"I < II < (III, IV, V) < VI","I < II < (III, IV, V) < VI"
"(I, II) < (III, IV, V, VI)","(I, II) < (III, IV, V, VI)"
"(I, II, III, IV, V, VI)","(I, II, III, IV, V, VI)"
"(I, II, III, IV, V, VI)","(I, II, III, IV, V, VI)"
"(I, II) < (III, IV, V, VI)","(I, II) < (III, IV, V, VI)"
"I < II < (III, IV, V, VI)","I < II < (III, IV, V, VI)"
"I < (II, III, IV) < V < VI","I < (II, III, IV) < V < VI"
"(I, II, III, IV, V, VI)","(I, II, III, IV, V, VI)"
"(I, II, III, IV, V, VI)","(I, II, III, IV, V, VI)"
"(I, II, III, IV, V, VI)","(I, II, III, IV, V, VI)"
"(I, II, III, IV, V, VI)","(I, II, III, IV, V, VI)"
"I < (II, III, IV, V, VI)","I < (II, III, IV, V, VI)"
"(I, II) < (III, IV, V, VI)","(I, II) < (III, IV, V, VI)"
"(I, II) < (III, IV, V, VI)","(I, II) < (III, IV, V, VI)"
"(I, II, III, IV, V, VI)","(I, II, III, IV, V, VI)"
"(I, II, III, IV, V, VI)","(I, II, III, IV, V, VI)"
"I < II < (III, IV, V, VI)","I < II < (III, IV, V, VI)"
"I < II < (III, IV, V, VI)","I < II < (III, IV, V, VI)"
"I < II < (III, IV, V) < VI","I < II < (III, IV, V) < VI"
"(I, II) < (III, IV, V, VI)","(I, II) < (III, IV, V, VI)"
"(I, II, III, IV, V, VI)","(I, II, III, IV, V, VI)"
"(I, II) < (III, IV, V, VI)","(I, II) < (III, IV, V, VI)"
"(I, II, III, IV, V, VI)","(I, II, III, IV, V, VI)"
"(I, II, III, IV, V, VI)","(I, II, III, IV, V, VI)"
"(I, II, III, IV, V, VI)","(I, II, III, IV, V, VI)"
"(I, II, III, IV, V, VI)","(I, II, III, IV, V, VI)"
"I < II < (III, IV, V, VI)","I < II < (III, IV, V, VI)"
"(I, II, III, IV, V, VI)","(I, II, III, IV, V, VI)"
"I < II < (III, IV, V) < VI","I < II < (III, IV, V) < VI"
"(I, II) < (III, IV, V, VI)","(I, II) < (III, IV, V, VI)"
"I < (II, III, IV, V) < VI","I < (II, III, IV, V) < VI"
"I < II < IV < (III, V) < VI","I < II < IV < (III, V) < VI"
"(I, II, III, IV, V, VI)","(I, II, III, IV, V, VI)"
"(I, II, III, IV, V, VI)","(I, II, III, IV, V, VI)"
"I < II < (III, IV, V, VI)","I < II < (III, IV, V, VI)"
"(I, II) < (III, IV, V, VI)","(I, II) < (III, IV, V, VI)"
"(I, II, III, IV, V, VI)","(I, II, III, IV, V, VI)"
"(I, II) < (III, IV, V, VI)","(I, II) < (III, IV, V, VI)"
"I < II < (III, IV, V, VI)","I < II < (III, IV, V, VI)"
"I < II < (III, IV, V, VI)","I < II < (III, IV, V, VI)"
"(I, II) < (III, IV, V, VI)","(I, II) < (III, IV, V, VI)"
"I < II < (III, IV, V, VI)","I < II < (III, IV, V, VI)"
"(I, II, III, IV, V, VI)","(I, II, III, IV, V, VI)"
"(I, II, III, IV, V, VI)","(I, II, III, IV, V, VI)"
"(I, II, III, IV, V, VI)","(I, II, III, IV, V, VI)"
"(I, II, III, IV, V, VI)","(I, II, III, IV, V, VI)"
"(I, II, III, IV, V, VI)","(I, II, III, IV, V, VI)"
"(I, II, III, IV, V, VI)","(I, II, III, IV, V, VI)"
"I < IV < III < V < II < VI","I < IV < III < V < II < VI"
"(I, II) < (III, IV, V, VI)","(I, II) < (III, IV, V, VI)"
"(I, II, III, IV, V, VI)","(I, II, III, IV, V, VI)"
"I < II < (III, IV, V, VI)","I < II < (III, IV, V, VI)"
"(I, II) < (III, IV, V, VI)","(I, II) < (III, IV, V, VI)"
"(I, II, III, IV, V, VI)","(I, II, III, IV, V, VI)"
"I < (II, III, IV, V, VI)","I < (II, III, IV, V, VI)"
"(I, II) < (III, IV, V, VI)","(I, II) < (III, IV, V, VI)"
"(I, II, III, IV, V, VI)","(I, II, III, IV, V, VI)"
"(I, II) < (III, IV, V, VI)","(I, II) < (III, IV, V, VI)"
"(I, II) < (III, IV, V, VI)","(I, II) < (III, IV, V, VI)"
"I < II < (III, IV, V, VI)","I < II < (III, IV, V, VI)"
"I < II < (III, IV, V, VI)","I < II < (III, IV, V, VI)"
"I < II < (III, IV, V, VI)","I < II < (III, IV, V, VI)"
"(I, II, III, IV, V, VI)","(I, II, III, IV, V, VI)"
"I < (II, III, IV, V) < VI","I < (II, III, IV, V) < VI"
"(I, II, III, IV, V, VI)","(I, II, III, IV, V, VI)"
"(I, II) < (III, IV, V, VI)","(I, II) < (III, IV, V, VI)"
"I < (II, III, IV) < V < VI","I < (II, III, IV) < V < VI"
"(I, II, III, IV, V, VI)","(I, II, III, IV, V, VI)"
"(I, II, III, IV, V, VI)","(I, II, III, IV, V, VI)"
"(I, II, III, IV, V, VI)","(I, II, III, IV, V, VI)"
"(I, II, III, IV, V, VI)","(I, II, III, IV, V, VI)"
"I < (II, III, IV, V) < VI","I < (II, III, IV, V) < VI"
"(I, II, III, IV, V, VI)","(I, II, III, IV, V, VI)"
"(I, II) < (III, IV, V, VI)","(I, II) < (III, IV, V, VI)"
"I < (II, III, IV, V) < VI","I < (II, III, IV, V) < VI"
"I < II < (III, IV, V, VI)","(I, II) < (III, IV, V, VI)"
"I < II < (III, IV, V, VI)","I < II < (III, IV, V, VI)"
"I < IV < III < II < V < VI","I < IV < III < II < V < VI"
"(I, II, III, IV, V, VI)","(I, II, III, IV, V, VI)"
"(I, II, III, IV, V, VI)","(I, II, III, IV, V, VI)"
"I < (II, III, IV, V) < VI","I < (II, III, IV, V) < VI"
"(I, II) < (III, IV, V, VI)","(I, II) < (III, IV, V, VI)"
"(I, II, III, IV, V, VI)","(I, II, III, IV, V, VI)"
"(I, II, III, IV, V, VI)","(I, II, III, IV, V, VI)"
"I < (II, III, IV, V) < VI","I < (II, III, IV, V) < VI"
"(I, II) < (III, IV, V, VI)","(I, II) < (III, IV, V, VI)"
"(I, II, III, IV, V, VI)","(I, II, III, IV, V, VI)"
"(I, II) < (III, IV, V, VI)","(I, II) < (III, IV, V, VI)"
"I < (II, III, IV, V) < VI","I < (II, III, IV, V) < VI"
"I < IV < (II, III) < V < VI","I < IV < (II, III) < V < VI"
"(I, II) < (III, IV, V, VI)","(I, II) < (III, IV, V, VI)"
"(I, II, III, IV, V, VI)","(I, II, III, IV, V, VI)"
"I < II < (III, IV, V, VI)","I < II < (III, IV, V, VI)"
"(I, II, III, IV, V, VI)","(I, II, III, IV, V, VI)"
"I < (III, IV, V) < (II, VI)","I < (III, IV, V) < (II, VI)"
"(I, II, III, IV, V, VI)","(I, II, III, IV, V, VI)"
"(I, II) < (III, IV, V, VI)","(I, II) < (III, IV, V, VI)"
"(I, II, III, IV, V, VI)","(I, II, III, IV, V, VI)"
"(I, II, III, IV, V, VI)","(I, II, III, IV, V, VI)"
"I < (II, III, IV) < V < VI","I < (II, III, IV) < V < VI"
"I < (II, III, IV) < V < VI","I < (II, III, IV) < V < VI"
"(I, II, III, IV, V, VI)","(I, II, III, IV, V, VI)"
"(I, II, III, IV, V, VI)","(I, II, III, IV, V, VI)"
"(I, II) < (III, IV, V, VI)","(I, II) < (III, IV, V, VI)"
"(I, II, III, IV, V, VI)","(I, II, III, IV, V, VI)"
"(I, II, III, IV, V, VI)","(I, II, III, IV, V, VI)"
"(I, II, III, IV, V, VI)","(I, II, III, IV, V, VI)"
"(I, II) < (III, IV, V, VI)","(I, II) < (III, IV, V, VI)"
"I < II < (III, IV, V, VI)","I < II < (III, IV, V, VI)"
"(I, II, III, IV, V, VI)","(I, II, III, IV, V, VI)"
"(I, II) < (III, IV, V, VI)","(I, II) < (III, IV, V, VI)"
"(I, II, III, IV, V, VI)","(I, II, III, IV, V, VI)"
"(I, II, III, IV, V, VI)","(I, II, III, IV, V, VI)"
"(I, II, III, IV, V, VI)","(I, II, III, IV, V, VI)"
"I < II < (III, IV, V) < VI","I < II < (III, IV, V) < VI"
"(I, II, III, IV, V, VI)","(I, II, III, IV, V, VI)"
"I < II < (III, IV, V, VI)","I < II < (III, IV, V, VI)"
"(I, II) < (III, IV, V, VI)","(I, II) < (III, IV, V, VI)"
"(I, II, III, IV, V, VI)","(I, II, III, IV, V, VI)"
"(I, II) < (III, IV, V, VI)","(I, II) < (III, IV, V, VI)"
"(I, II, III, IV, V, VI)","(I, II, III, IV, V, VI)"
"I < (II, III, IV) < V < VI","I < (II, III, IV) < V < VI"
"(I, II, III, IV, V, VI)","(I, II, III, IV, V, VI)"
"(I, II) < (III, IV, V, VI)","(I, II) < (III, IV, V, VI)"
"(I, II, III, IV, V, VI)","(I, II, III, IV, V, VI)"
"(I, II) < (III, IV, V, VI)","(I, II) < (III, IV, V, VI)"
"I < II < (III, IV, V) < VI","I < II < (III, IV, V) < VI"
"I < (II, III, IV, V, VI)","I < (II, III, IV, V, VI)"
"(I, II, III, IV, V, VI)","(I, II, III, IV, V, VI)"
"(I, II, III, IV, V, VI)","(I, II, III, IV, V, VI)"
"I < IV < (II, III) < V < VI","I < IV < (II, III) < V < VI"
"(I, II, III, IV, V, VI)","(I, II, III, IV, V, VI)"
"(I, II, III, IV, V, VI)","(I, II, III, IV, V, VI)"
"I < II < (III, IV, V, VI)","I < II < (III, IV, V, VI)"
"(I, II, III, IV, V, VI)","(I, II, III, IV, V, VI)"
"I < II < (III, IV, V, VI)","I < II < (III, IV, V, VI)"
"(I, II) < (III, IV, V, VI)","(I, II) < (III, IV, V, VI)"
"(I, II, III, IV, V, VI)","(I, II, III, IV, V, VI)"
"(I, II, III, IV, V, VI)","(I, II, III, IV, V, VI)"
"I < (II, III, IV) < V < VI","I < (II, III, IV) < V < VI"
