"order","acceptance","ellipsoid","hits","draws","volume"
"(I, II) < (III, IV, V, VI)",0.15,0.485514449314017,48,200,0.116523467835364
"(I, II, III, IV, V, VI)",0.1975,2.06175411443667e-06,190,200,1.95866640871484e-06
"I < II < (III, IV, V) < VI",0.195,0.0144301716364085,143,200,0.0103175727200321
"I < II < (III, IV, V, VI)",0.2775,0.20425027628597,47,200,0.047998814927203
"I < (II, III, IV, V, VI)",0.3675,3.5335862621745e-05,89,200,1.57244588666765e-05
"I < IV < III < V < II < VI",0.1825,0.000442993364581788,110,200,0.000243646350519983
"I < (II, III, IV, V) < VI",0.1025,0.000130775956323855,98,200,6.4080218598689e-05
"I < (II, IV) < (III, V) < VI",0.17,0.00129454715499957,104,200,0.000673164520599776
"I < IV < III < V < (II, VI)",0.0875,0.000724328295338988,115,200,0.000416488769819918
"I < IV < (II, III) < V < VI",0.435,0.00323358201230721,88,200,0.00142277608541517
"I < (II, III, IV) < V < VI",0.42,0.00487033209226358,124,200,0.00301960589720342
"I < II < IV < (III, V) < VI",0.3625,0.000922227211868671,90,200,0.000415002245340902
"I < IV < III < (II, V) < VI",0.1975,5.43356687820851e-05,116,200,3.15146878936094e-05
"I < (III, IV, V) < (II, VI)",0.155,8.0358289222448e-05,151,200,6.06705083629482e-05
"I < II < (III, IV) < V < VI",0.1275,0.00224273021945638,134,200,0.00150262924703577
"I < (III, IV) < (II, V) < VI",0.4025,2.57923776500408e-06,175,200,2.25683304437857e-06
"I < (II, IV) < III < V < VI",0.1075,0.00132438203677662,121,200,0.000801251132249856
"I < (III, IV) < V < II < VI",0.115,6.31699416952854e-06,145,200,4.57982077290819e-06
"I < IV < (II, III, V) < VI",0.2125,8.37867984181063e-05,124,200,5.19478150192259e-05
"I < (III, IV, V) < II < VI",0.255,2.650566081613e-05,153,200,2.02768305243395e-05
"I < IV < II < III < V < VI",0.1175,0.000201369768494934,139,200,0.000139951989103979
"I < IV < II < (III, V) < VI",0.2925,5.0221089498959e-05,147,200,3.69125007817349e-05
"I < II < IV < III < V < VI",0.22,0.000123101961461268,137,200,8.43248436009683e-05
"I < IV < (III, V) < II < VI",0.1175,0.000252485079742678,115,200,0.00014517892085204
"I < (III, IV) < V < (II, VI)",0.2,8.74790232610337e-06,132,200,5.77361553522822e-06
"I < IV < (III, V) < (II, VI)",0.2325,1.6015929501753e-05,120,200,9.60955770105177e-06
"I < II < IV < V < III < VI",0.5575,0.000113468612724214,153,200,8.68034887340241e-05
"I < IV < III < II < V < VI",0.195,0.00047248043851217,67,200,0.000158280946901577
"I < IV < II < V < III < VI",0.155,1.34816703994494e-05,135,200,9.10012751962835e-06
"I < (III, IV) < (II, V, VI)",0.2,5.44051273170995e-09,185,200,5.0324742768317e-09
"I < (II, IV) < V < III < VI",0.205,0.000152355653755574,112,200,8.53191661031212e-05
"I < II < IV < V < (III, VI)",0.075,0.000185588664182734,118,200,0.000109497311867813
"I < II < IV < (III, V, VI)",0.2475,0.00022882590773451,131,200,0.000149880969566104
"I < (III, IV) < II < V < VI",0.24,1.28148866890425e-06,144,200,9.22671841611057e-07
"I < (II, IV) < V < (III, VI)",0.1675,1.00242755446851e-07,127,200,6.36541497087506e-08
"(I, II, III, IV, V) < VI",0.0825,0.000184314030161043,77,200,7.09609016120015e-05
"I < IV < III < (II, V, VI)",0.165,2.50640919297889e-07,144,200,1.8046146189448e-07
"(I, II, III, IV) < V < VI",0.2375,3.08743737155435e-06,128,200,1.97595991779479e-06
"(I, III, IV) < II < V < VI",0.1675,2.16370568825703e-06,151,200,1.63359779463406e-06
"(I, III, IV) < (II, V) < VI",0.135,1.94226054583045e-08,151,200,1.46640671210199e-08
"(I, IV) < III < II < V < VI",0.4,1.09612141006924e-06,124,200,6.79595274242931e-07
